"1","검정치마",,,,"6WeDO4GynFmK4OxwkBzMW8","https://i.scdn.co/image/ab6761610000e5eb8609536d21beed6769d09d7f"
"2","잔나비",,,,"2SY6OktZyMLdOnscX3DCyS","https://i.scdn.co/image/ab6761610000e5ebe5346373ce792a13045f3eed"
"3","최유리",,,,"6qvVoPGEqNCyYSjYCgfV1v","https://i.scdn.co/image/ab6761610000e5ebcc37edc7d40a07aea40b5882"
"4","실리카겔","Silica Gel",,,"2kxVxKOgoefmgkwoHipHsn","https://i.scdn.co/image/ab6761610000e5eb5d61ba15e6cd45e42640281c"
"5","데이먼스 이어","Damons year",,,"2T5KKZuEEudb7alCJ1pCus","https://i.scdn.co/image/ab6761610000e5eb8f81f3412431924d0c9c4f45"
"6","새소년",,,,"07OePkse2fcvU9wlVftNMl","https://i.scdn.co/image/ab6761610000e5eb09f78a42472e3acbb4975407"
"7","10CM","십센치",,,"6zn0ihyAApAYV51zpXxdEp","https://i.scdn.co/image/ab6761610000e5ebb3478e777df7e45f1ef1e8d7"
"8","혁오","HYUKOH",,,"57okaLdCtv3nVBSn5otJkp","https://i.scdn.co/image/ab6761610000e5eba83b7860635940ed829ee09b"
"9","카더가든","car the garden",,,"7c1HgFDe8ogy5NOZ1ANCJQ","https://i.scdn.co/image/ab6761610000e5eb60207000aebdb42a66f6880e"
"10","너드커넥션","Nerd Connection",,,"5WKUZJPvN1SScyggtPFShK","https://i.scdn.co/image/ab6761610000e5ebcd016d0a0783a321312e1733"
"11","허회경",,,,"5z8B2oTjiZbpbMB6rAfPGl","https://i.scdn.co/image/ab6761610000e5ebd7e93c2c64d2ce6512b383aa"
"12","우효","OOHYO",,,"50Zu2bK9y5UAtD0jcqk5VX","https://i.scdn.co/image/ab6761610000e5eb238451be72325e4ef78ef119"
"13","백아","Baek A",,"멜론 기준 최신곡: 발송, 대표곡: 첫사랑","5rHUhS9Ya0S63WI9LFmCSx","https://i.scdn.co/image/ab6761610000e5eb87cdc5ffb11081b89c70e8ce"
"14","브로콜리너마저","Broccoli you too",,,"1gq4XavqmZhqOzEkpFBz1j","https://i.scdn.co/image/ab67616d0000b273ad1183295a661474e6f049db"
"15","쏜애플","THORNAPPLE",,,"6S4fsREHT1NEjTb3lYD2pG","https://i.scdn.co/image/ab6761610000e5eb4506d70c02763753b03fd07b"
"16","SURL","설",,,"7owveHzN1hmQuw6Ojg4sI3","https://i.scdn.co/image/ab6761610000e5eb49317c40b1782aca07592d7e"
"17","한로로","HANRORO",,,"5wVJpXzuKV6Xj7Yhsf2uYx","https://i.scdn.co/image/ab6761610000e5eb95ab178a1806ccf49447caf1"
"18","윤지영",,,"멜론 기준 최신곡: LOVE IS EVERYWHERE","5SkCZXyRQxw5ZLWAH5r4UJ","https://i.scdn.co/image/ab6761610000e5ebbb551b79240df364a678b3b0"
"19","백예린","Yerin Baek",,,"6dhfy4ByARPJdPtMyrUYJK","https://i.scdn.co/image/ab6761610000e5eb28f845b9a1c6e8bccb255f0c"
"20","유다빈밴드","YdBB",,,"2UjX6FLGyUQb4sbookjR3y","https://i.scdn.co/image/ab6761610000e5ebc827e4041ad2e45a1cb76777"
"21","신지훈",,,"멜론 기준 최신곡: 우리의 얘기를 쓰겠소","0RpcAXbMHCcEEurjyHvuyg","https://i.scdn.co/image/ab6761610000e5eb76fae955c3bf2e35b40f7319"
"22","wave to earth","웨이브투어스",,,"5069JTmv5ZDyPeZaCCXiCg","https://i.scdn.co/image/ab6761610000e5eb35f487d9b8e8cd6d7f321980"
"23","LUCY","루시",,,"4eh2JeBpQaScfHKKXZh5vO","https://i.scdn.co/image/ab6761610000e5eb7541701f47f8126ec943c1d6"
"24","터치드","TOUCHED",,,"5jgIm8tZ4hqLeoHTo9wJIV","https://i.scdn.co/image/ab6761610000e5eb9b9d15a62edd512a17c22fba"
"25","알레프","ALEPH",,,"2ncTglxMHKmCzBKckfzOEv","https://i.scdn.co/image/ab6761610000e5ebe7d1d770efe61d038a92f1bc"
"26","하현상",,,,"1jK4qH2wAXqF8v64zvaGRb","https://i.scdn.co/image/ab6761610000e5eb2fb4c2db5dd38ec1319cecc9"
"27","김사월",,,,"08J6v4qHZz06ua0qAicWmE","https://i.scdn.co/image/ab6761610000e5eb726e18febfae4a5c97ff8700"
"28","언니네 이발관",,,,"38zrlSgF4lNQMsSA0elpI7","https://i.scdn.co/image/ab67616d0000b27323d65e1cb6de107cedea385d"
"29","나상현씨밴드","Band Nah",,,"5td0g0Owd8ZYu7SVb6f9xh","https://i.scdn.co/image/ab6761610000e5ebeeeff90f0dbd20b6aa7b0089"
"30","박소은",,,"멜론 기준 최신곡: 위로, 대표곡: 너는 나의 문학","20gFWTh2tofhLIjyn2fHeG","https://i.scdn.co/image/ab6761610000e5ebcf2339c5490cf9dcf4829142"
"31","짙은",,,,"3of4z5k152Et4C0IQ7HUAg","https://i.scdn.co/image/ab6761610000e5ebdf3dde724d74da69164518e6"
"32","Mingginyu","밍기뉴",,,"29UQ130XMQDR55X4Rmjapd","https://i.scdn.co/image/ab6761610000e5eba0a17c532137097180d2bdfc"
"33","김뜻돌",,,,"7EVlq3yUVHbHZZsaYSOcXt","https://i.scdn.co/image/ab6761610000e5ebdfc45a3ecf9c9641a7ce9c4c"
"34","Lacuna","라쿠나",,,"2FDl06nCrSYpA1n9PLZfen","https://i.scdn.co/image/ab6761610000e5ebd1c9885bab58d5e01050e5a5"
"35","CHEEZE","치즈",,,"6NdzNrBP8Jbhzp6h7yojht","https://i.scdn.co/image/ab6761610000e5eb859c35c6ba7099d4d447a5ac"
"36","김현창",,,"멜론 기준 최신곡: 나 잠깐 잠들어 있을게요","2IEHO7wbuUKxOVkMKaT5KB","https://i.scdn.co/image/ab6761610000e5ebe3dabe0bbb281796c26254c1"
"37","볼빨간사춘기",,,,"4k5fFEYgkWYrYvtOK3zVBl","https://i.scdn.co/image/ab6761610000e5eb0993fa249f7776f353a1fbc9"
"38","스텔라장","Stella Jang",,,"2Y9AUayH5pyZpVfkDYDfJV","https://i.scdn.co/image/ab6761610000e5ebd8d5d7125f4fbe0dea0b4646"
"39","민수",,,,"1o13ZguNtAOcOe1k0chkta","https://i.scdn.co/image/ab6761610000e5eb4513ac981c611739e584c979"
"40","다섯","Dasutt",,,"3txAiGYUmI4p84stqOoi1s","https://i.scdn.co/image/ab6761610000e5eb8fa46d286c0342ecfe0b3bed"
"41","델리스파이스","Delispice",,,"3zH8Xu8C1GnnmfpBqzdLPf","https://i.scdn.co/image/ab67616d0000b2739ee364d7aacc7ae61af96b2b"
"42","소수빈",,,,"5ghNwcHNesKq0Q3zfK39ic","https://i.scdn.co/image/ab6761610000e5eb3e3ade33f30ea1ec2f3609b6"
"43","가을방학",,,,"6OSMGFNb20nNBw4a2vWxMT","https://i.scdn.co/image/ab67616d0000b27368fa39ca08f66160e41bd249"
"44","신인류",,,,"1HBeN73z1CZ0E58rEIeozp","https://i.scdn.co/image/ab6761610000e5eb518125349cc8ae73b7660aab"
"45","dosii","도시",,,"41lcf5k3PkUdxupYLkcjCd","https://i.scdn.co/image/ab6761610000e5ebfe1ee43e145b68579ff151de"
"46","보수동쿨러",,,,"7zhojNyxff5HeS5mIgUVmU","https://i.scdn.co/image/ab6761610000e5eba521fe9447efe8563eb4f4e7"
"47","이고도",,,,"18r9qka1AKwgqzUzaLdxhm","https://i.scdn.co/image/ab67616d0000b273d4aab865cb557b09a360a85e"
"48","결","KYUL",,,"10LaysU4hUTEGtWwC0Zbrm","https://i.scdn.co/image/ab6761610000e5eb59d0911c8d51ce09d876296d"
"49","정우",,,"멜론 기준 최신곡: Toss and turn","3tvnuk98r2VOv9ygTK8cjs","https://i.scdn.co/image/ab6761610000e5eb19f09617041fcf4561939c05"
"50","유라","youra",,"멜론 기준 최신곡: 무수히(Countlessly)","5q9adPv91NFr8q2ZcKmX0V","https://i.scdn.co/image/ab6761610000e5ebfdb3bca813828b497b0577a3"
"51","리도어","Redoor",,,"5xhi1KB7WkPiTYb5Fm3YvS","https://i.scdn.co/image/ab6761610000e5ebebdbb5a07c91ddfae8669066"
"52","스탠딩에그","Standing Egg",,,"6a3Mfrn2XBR1DfPg1QGa1d","https://i.scdn.co/image/ab6761610000e5eb14594640c19d2a08970479ea"
"53","넬","NELL",,,"5WY88tCMFA6J6vqSN3MmDZ","https://i.scdn.co/image/ab6761610000e5eb7ef39e8e41cfceaa7bea3153"
"54","소란","SORAN",,,"7eZGd0sv1TxpOwzyKc9P4R","https://i.scdn.co/image/ab6761610000e5eb15a46274cd2b27949919f4ec"
"55","O.O.O","오오오","OOO",,"0YMpM4y1fUUHhBLFnYVOaD","https://i.scdn.co/image/ab67616d0000b273422177edd214cf05a5f410a9"
"56","오월오일","OWALLOIL",,,"59THIwTnvgT7SeGFzocky2","https://i.scdn.co/image/ab67616d0000b2733b4beaaf1f8214b6258f15aa"
"57","경제환",,,,"23SggfMMPHFR2lJaPCVIUw","https://i.scdn.co/image/ab6761610000e5eb44d3d1c7549b932e47cde1e8"
"58","ADOY","아도이",,,"64sY7LsUjNE3ifONkftTXC","https://i.scdn.co/image/ab6761610000e5eba7a75e22ac51af6b397cdfe7"
"59","겸","GYEOM",,,"2nFAl5FcbuagY1zVglLvPc","https://i.scdn.co/image/ab6761610000e5ebd9aa365b3102128e67b19e00"
"60","김수영",,,"멜론 기준 최신곡: 슬픔을 참는 세 가지 방법","7nj9JLgGDx7CRNUKzptaCj","https://i.scdn.co/image/ab6761610000e5eb550835b9b6c43ff58b53d94a"
"61","버둥","Budung",,,"4RtxNIrPXlf3cTtIsuEWMi","https://i.scdn.co/image/ab6761610000e5ebfb8ee3735e7474f905c398ad"
"62","The Volunteers","더발룬티어스",,,"2jLHrOkh1M5rLJgnrgfQf1","https://i.scdn.co/image/ab6761610000e5eb6238bd9ba3ab8296d193a778"
"63","달담","DALDAM",,,"1mLwJb76TWRhraxaE85Sik","https://i.scdn.co/image/ab6761610000e5eb288ff883cfcd39b079d58725"
"64","적재",,,,"7bWYN0sHvyH7yv1uefX07U","https://i.scdn.co/image/ab6761610000e5ebb83653bfb637f9bfe19cc5c6"
"65","예빛",,,,"7zdCvtTQdMCj37CuQxkyQf","https://i.scdn.co/image/ab6761610000e5eb228978d81970c51338d6eb3d"
"66","오왠","O.WHEN","OWHEN",,"7f5OHScUwC0ZKZzma5mMxq","https://i.scdn.co/image/ab6761610000e5eb8f94f6e341ef49509b75accc"
"67","페퍼톤스","PEPPERTONES",,,"0gos4GVpI0PzhyrWhsc7nj","https://i.scdn.co/image/ab6761610000e5eb1a8335eb603a0276ec9c9698"
"68","이예린",,,"멜론 기준 최신곡: 사랑을 믿니","1cDDtQ75Yz5Xi9sA16wl3N","https://i.scdn.co/image/ab6761610000e5eb54d2aa027ab183ff0dc65edf"
"69","파란노을","Parannoul",,,"7eZbNxarrTW4VkRI8u9aDX","https://i.scdn.co/image/ab67616d0000b2732c373d645f0cb73dedde2683"
"70","선우정아",,,,"04L3elxyr0XFua2Ek3domW","https://i.scdn.co/image/ab6761610000e5ebaf3ae624d46473f6f21f116f"
"71","다린",,,"멜론 기준 최신곡:  dog-ear serenade","3NeWfnkjhDK8umjBipcf5W","https://i.scdn.co/image/ab6761610000e5eb8749256f8d33e94ac00e77ba"
"72","위수","WISUE",,,"6AtePm872YnH0PPQZpNFry","https://i.scdn.co/image/ab6761610000e5eb817e9b0e34cc4e398ae7fcdc"
"73","자우림","JAURIM",,,"6evmYxFbDSIHilUaYC9MhL","https://i.scdn.co/image/ab6761610000e5ebf404a946f04b13b95f2c0e29"
"74","신해경",,,,"5QvjYtqN0mekeCiyhdAjss","https://i.scdn.co/image/ab6761610000e5eb428b33bd09f7d2c07171e457"
"75","프롬","Fromm",,,"4ht1mwP4ouSu79jOOktCY3","https://i.scdn.co/image/ab6761610000e5eb1da18e4620e9a66319fa37cb"
"76","데이브레이크","DAYBREAK",,,"1uMhweBMKu7nA1IgFc0yN2","https://i.scdn.co/image/ab6761610000e5ebd9989b5171c1e5d85cff8308"
"77","9와 숫자들","구와 숫자들",,,"3GtxaQXCwJZaoV9lmKofs0","https://i.scdn.co/image/ab67616d0000b27379e3ccef3ca406aeb4bb7106"
"78","이강승",,,,"6l3XS49h2cvD2rcU4TaBTz","https://i.scdn.co/image/ab6761610000e5ebe94e7daffa0fbc612270f44b"
"79","전기뱀장어","전뱀",,,"0srGDil29MFy5x8asXqmfK","https://i.scdn.co/image/ab6761610000e5eb0a42b80a8ca54293dd51f09a"
"80","안예은",,,,"0qQQYIK5Sxnzt72fGyTcvs","https://i.scdn.co/image/ab6761610000e5ebaa33065ec5519b58e310a72b"
"81","장기하",,,,"0oN8IZB1C3lY1ABKwJOu1I","https://i.scdn.co/image/ab6761610000e5ebf99ecf9f9a5e0e62d01b10a6"
"82","장기하와 얼굴들",,,,"0oN8IZB1C3lY1ABKwJOu1I","https://i.scdn.co/image/ab6761610000e5ebf99ecf9f9a5e0e62d01b10a6"
"83","홍이삭",,,,"4bST03NJ0YEysocK5AV1wB","https://i.scdn.co/image/ab6761610000e5ebfe28dc7871aaf40736ddeff2"
"84","심규선","Lucia",,,"3VHFAtB6fPQwpAWQ5rn4uc","https://i.scdn.co/image/ab67616d0000b2735b0faadc7194ceb2c28a61d3"
"85","술탄 오브 더 디스코","Sultan Of The Disco",,,"2OlCSUqTMqHguyNtdE0mdv","https://i.scdn.co/image/ab67616d0000b273e11245033e759b81e5e9c172"
"86","n@di","나디","nadi",,"2vA4UiJVgTWHeYzk3j4ugI","https://i.scdn.co/image/ab6761610000e5eb573cf5cf4b10e71f186f11fb"
"87","옥상달빛",,,,"43qbEc59aqLydrvuWsrNoE","https://i.scdn.co/image/ab6761610000e5ebf4af0e9899d46c4da3e4b050"
"88","권진아",,,,"0kRAVpQhUUArA8UnYwEdeZ","https://i.scdn.co/image/ab6761610000e5eb239e1cca391d5041ebd60dcb"
"89","모브닝","MOVNING",,,"6tuZdsQHRegQDPlRdcMjbn","https://i.scdn.co/image/ab6761610000e5eb1df9c01edfa724b29068884f"
"90","김마리",,,,"0dBTTLuseszs4BqgyXCrC8","https://i.scdn.co/image/ab6761610000e5eb60fc0b3c24e56fc7b1696c8c"
"91","롤러 코스터","Roller Coaster",,,"698zn8fEOIr1OrfqG4283S","https://i.scdn.co/image/ab6761610000e5eb078840d41e1ac86f88d7522e"
"92","Glen Check","글렌체크",,,"68ZtcdthScW8ISOvVNW9sV","https://i.scdn.co/image/ab6761610000e5ebc4790b3f1e80a17e7e16d076"
"93","나이트오프","Night Off",,,"0MrJIVLnVbubveFG4zSy88","https://i.scdn.co/image/ab6761610000e5eb6b59ec6d95d9b8d04b0133f7"
"94","세이수미","Say Sue Me",,,"4tvbo17gXpYgSr8sTlkaby","https://i.scdn.co/image/ab6761610000e5eb2b94b3129c079a101cf6429b"
"95","2단지","이단지",,,"3eAafmKFLEYAq6y9ZrWXtS","https://i.scdn.co/image/ab67616d0000b2739822bc2313d162b1fc31b246"
"96","이바다",,,,"17vCFclNbTzsDfPgsaWaQO","https://i.scdn.co/image/ab6761610000e5eb64c0911683c6b3cd79bd4db8"
"97","이준형",,,"멜론 기준 최신곡:  Kiss","6Op1UrYjepK3TvjsjnCeTq","https://i.scdn.co/image/ab6761610000e5ebc6ec112ab0048db803aa2d42"
"98","스웨덴세탁소","Sweden Laundry",,,"4saSwzwWZffYhoS1aFgncp","https://i.scdn.co/image/ab6761610000e5ebbf614830ea9274211146f2a0"
"99","안녕하신가영",,,,"1yewRvlKGWmNRHOSGgiRRo","https://i.scdn.co/image/ab6761610000e5eb48d9d022eec0dc4e68edae6c"
"100","이승윤",,,"멜론 기준 최신곡: 폭포","6z4R3mCiiIiLgpicseyNkV","https://i.scdn.co/image/ab6761610000e5eb53a5972e7bc60096f20dcdeb"
"101","그_냥","그냥",,,"6Jj218qsLCZlYHwRGbXEGZ","https://i.scdn.co/image/ab67616d0000b27309740fd1a552a03f060231be"
"102","크라잉넛","CRYING NUT",,,"0jg8QQ5BExafoPBy7ZyA5t","https://i.scdn.co/image/ab6761610000e5eb9f12d72c3c276f9fb310556b"
"103","DAY6","데이식스",,,"5TnQc2N1iKlFjYD7CPGvFc","https://i.scdn.co/image/ab6761610000e5eb3cab1bf9541afc5b38f6c30d"
"104","N.Flying","엔플라잉","NFlying",,"2ZmXexIJAD7PgABrj0qQRb","https://i.scdn.co/image/ab6761610000e5ebe5bb5b093b8f41a91a651ca7"
"105","cotoba","코토바",,,"5KOhn3Gjbd4DUavli5No5f","https://i.scdn.co/image/ab6761610000e5eb75ba22d8d6e4ad2630d0da4f"
"106","맥거핀","MGFF",,,"0gnodTptHI3U140iAE7HDl","https://i.scdn.co/image/ab6761610000e5eb05d619c3000d1fd7136adae1"
"107","극동아시아타이거즈","Far East Asian Tigers",,,"6GUWxio3LfJjV8DyH6RXEM","https://i.scdn.co/image/ab67616d0000b273a5946dd3e9191fb7bd71aa66"
"108","화노","Hwanho",,,"3PIsLQ22l4FXjkpyua0L3n","https://i.scdn.co/image/ab6761610000e5ebcee30b93b24d9f54cd9af8a6"
"109","g0nny","거니","gonny",,"5GtOjehIkcAjP9ykHB3MMR","https://i.scdn.co/image/ab6761610000e5eb04681f1cdc120bf894103916"
"110","놀이도감","Noridogam",,,"0wGPie2VhTjtwscQEqBhDe","https://i.scdn.co/image/ab6761610000e5eb00afb0b58d2d37d9976975a8"
"111","여유와 설빈",,,,"3oAMOgTLwK00bM4ZNIz3lx","https://i.scdn.co/image/ab6761610000e5eb6de519b17413f1dc2f7767ed"
"112","이진아","Jin Ah Lee",,,"4SzO3ea2qcjg1uLyNJAWnM","https://i.scdn.co/image/ab6761610000e5eb1a9c1b198b071bd279283fe4"
"113","전자양","Electron Sheep",,,"6mhTxQr2OvKXoNgXJ4qmbj","https://i.scdn.co/image/ab67616d0000b273dc7245e6f80686fce2cb70c6"
"114","이민휘",,,"멜론 기준 최신곡: 푸른 꽃","2jxMlRv491N2SDHVeyx1Ae","https://i.scdn.co/image/ab6761610000e5eb04004dc480f602be3587c137"
"115","Adios Audio","아디오스 오디오",,,"5A5DAxEQJ5F7HA4wVVHV8a","https://i.scdn.co/image/ab6761610000e5eb0b5c0ef5b35190ac9f33e7ee"
"116","The Poles","더폴스",,,"7isCii8IZOBPInAYFn2n5Q","https://i.scdn.co/image/ab6761610000e5eba814f756d51a20078002d292"
"117","Jclef","제이클레프",,,"4ccI4yOwtutWubdqv8gDwq","https://i.scdn.co/image/ab6761610000e5eb52e24cf93a84d03913e1030c"
"118","이츠","IT'S","ITS",,"6lESE9VeLV05vQBw8TB4YA","https://i.scdn.co/image/ab6761610000e5ebf7bb628b1a131636ee0f8c8f"
"119","jisokuryClub","지소쿠리클럽",,,"4CIo3JKWdZi41ZKLlSjlyO","https://i.scdn.co/image/ab6761610000e5eb514dd37662f9579f5a79bc12"
"120","죠지","george",,,"2pRZp2WxvnWWiSPcSSYkNV","https://i.scdn.co/image/ab6761610000e5eb1d599789ce2de9b742b804e3"
"121","이희상",,,"멜론 기준 최신곡: 오늘이 지나면","6zJiJ82GmaUZF8TwTPktsz","https://i.scdn.co/image/ab6761610000e5eb897dbda9643a1d2ace82aa3c"
"122","범진",,,,"3vljSA6N2aSE8U3OhNFkPy","https://i.scdn.co/image/ab6761610000e5eba935d377abf38eaf74cb4bc5"
"123","구만","9.10000","910000",,"6kov6ZeLUVYXsXbZ0mRu7a","https://i.scdn.co/image/ab6761610000e5eb881c282b259c5196da186c38"
"124","homezone","홈존",,,"31hDouD40df6TsqnZZpNAK","https://i.scdn.co/image/ab6761610000e5ebf9f49aa28c393c3317bc0ba9"
"125","KARDI","카디",,,"6v8xPUDPu5hQlu0GrYHyOE","https://i.scdn.co/image/ab6761610000e5eb3c74dd210ce013521c0e6fc6"
"126","브로큰 발렌타인","Broken Valentine",,,"0rgwglSz7K4UVYUQ1svx1E","https://i.scdn.co/image/ab6761610000e5eb1e6b51e40c32388bc943f367"
"127","이루리","Luli Lee",,,"3h4p2PKHb9JejBCHmWlthK","https://i.scdn.co/image/ab6761610000e5eb87e9d34fef8dae1ff4dcdb7d"
"128","다브다","Dabda",,,"0ndvlJnYkMJZhet7fVhk9C","https://i.scdn.co/image/ab6761610000e5ebc9abc6b866be459c08ebafb9"
"129","9001","Ninety O One","나인티오원",,"0ucJPeq0vaU8dbHu0Tie6E","https://i.scdn.co/image/ab6761610000e5eb75c00d04b021e9f5c5753726"
"130","숀","SHAUN",,,"72nLe76yBFSlP6VBzME358","https://i.scdn.co/image/ab6761610000e5ebd85b91b4ca17ce454da67f15"
"131","체리필터","cherryfilter",,,"3uk3Jz2yT37niCo3c5GMf2","https://i.scdn.co/image/ab6761610000e5eb78125a2515bc78080b2833e8"
"132","이날치",,,,"0kHgYUOcTac5RhkYx1thsq","https://i.scdn.co/image/ab6761610000e5ebe2c442e21b218cd29577ded5"
"133","곽태풍",,,,"6vldExtbOMiujc68gfMAcm","https://i.scdn.co/image/ab6761610000e5ebb1ea64eb0063ca830f08a557"
"134","팔칠댄스","87dance","87댄스",,"1HxfCTl07FhRiJN9jY9kX3","https://i.scdn.co/image/ab6761610000e5eb7893659f3c97842ac8745376"
"135","초록불꽃소년단","green flame boys",,,"02lSURBnybQit6FIm8zGDE","https://i.scdn.co/image/ab6761610000e5eb8c54ebc7798f810337ac4f92"
"136","더베인","THE VANE",,,"2zWjCnsFalXdhQ2jxb29Hw","https://i.scdn.co/image/ab67616d0000b27345b9065ba7559ced7ffb6f95"
"137","모스크바서핑클럽",,,,"72RQExfl8kYY207YfKV5Nl","https://i.scdn.co/image/ab6761610000e5eb0e8522ca58870781c3517079"
"138","솔루션스","THE SOLUTIONS","더 솔루션스",,"5fwYrHN92VR90PJQ11ybJ8","https://i.scdn.co/image/ab6761610000e5eb11f1a57c3971193b1305e018"
"139","기프트","GIFT",,,"72jdj8uXwdYUzACiO3RJer","https://i.scdn.co/image/ab6761610000e5eba113b6acb9532e25eebc187f"
"140","장들레",,,,"1jdSKlrCsJ5qLsT7YuOiwM","https://i.scdn.co/image/ab6761610000e5eb4113260183987167ccedd618"
"141","허클베리핀","Huckleberryfinn",,,"4HWH9BmIaKteAv5RmqWeZa","https://i.scdn.co/image/ab6761610000e5ebab03e26e98d17edb3a7430bd"
"142","잭킹콩","JKC","JACKINGCONG",,"3GeNpZ51ZS9nQBnvGsLBcl","https://i.scdn.co/image/ab6761610000e5eb3760de7c3deda4f6b705e902"
"143","PL","피엘",,,"3ZRrPmnB6ORWKeEJ8qawnP","https://i.scdn.co/image/ab67616d0000b273a767e2ececa71239d6337fcd"
"144","사비나앤드론즈","SAVINA & DRONES",,,"15sNY2hbxc4Vu8hI96mDt7","https://i.scdn.co/image/ab6761610000e5ebe4369c7c45c4c49e3d2917e4"
"145","OurR","아월",,,"5lC9qDfzcZb5iQp6x17ASP","https://i.scdn.co/image/ab6761610000e5eb6284123babb7fade440ee47f"
"146","creespy","크리스피",,,"6m3khvxN0PbA4iFZwkOxSz","https://i.scdn.co/image/ab6761610000e5eb63f5422f06e5a64a85d8f71c"
"147","이랑",,,"멜론 기준 최신곡:  Names of Water","1D96VVpW4US2VSZaZGsRmH","https://i.scdn.co/image/ab6761610000e5eb57cd43ee49fc9804901eb805"
"148","자이로","zai.ro","zairo",,"6HbvERy3ULYCot6g8Sp2ol","https://i.scdn.co/image/ab67616d0000b273274eed32ad12b95d1284dd53"
"149","BULGOGIDISCO","불고기 디스코",,,"38IwvgYKTkEVuVg1jaqVQL","https://i.scdn.co/image/ab6761610000e5eb8ab0ae24dbdb806456ba5bec"
"150","행로난",,,,"306snEmLuui267KbuZX8Fk","https://i.scdn.co/image/ab6761610000e5ebb0fea87ce569dd22f8cded8a"
"151","딕펑스","DICKPUNKS",,,"2g1DmQlx7A9z1ctK0dNlen","https://i.scdn.co/image/ab67616d0000b27332c7a13a8278c64d31dc3b12"
"152","아마도이자람밴드",,,,"3xcAo7jYL4FWAoyxxHvsjO","https://i.scdn.co/image/ab67616d0000b2731720c06518f408fa6fc9651a"
"153","봉제인간",,,,"3zyq3DzSd4aue9Q7s1qMVu","https://i.scdn.co/image/ab6761610000e5eb83ba004ed128d489679450c8"
"154","YB","윤도현밴드",,,"1rpgxJZxZMLnFNc1Jmyov5","https://i.scdn.co/image/ab6761610000e5eb1ecf93514aaa79d02826707e"
"155","원위","ONEWE",,,"4D9foUQxTrsS0w2BeyCD16","https://i.scdn.co/image/ab6761610000e5eb66a648a0096701060e1c261d"
"156","멜로망스","melomance",,,"6k4r73Wq8nhkCDoUsECL1e","https://i.scdn.co/image/ab6761610000e5ebd89424b602251312223edd8f"
"157","로이킴","roy kim",,,"3ErHVJMsxTq2lLSmnONBm9","https://i.scdn.co/image/ab6761610000e5ebc4a8c2e38e528718f7470d86"
"158","소년:달","소년달",,,"0nqE5cSSqBxf5Elo2Lod0D","https://i.scdn.co/image/ab67616d0000b273caec357864857e67450c5d48"
"159","연정",,,,"4iWOfFVYkBIVyFHVeZiew4","https://i.scdn.co/image/ab67616d0000b273baa6de2701f3e9b0e2991e33"
"160","까치산",,,,"20pVcZq4VeWqe3CxlWx2nH","https://i.scdn.co/image/ab6761610000e5eb5b567a3fce9c69b4be5c2b30"
"161","몽니","MONNI",,,"3YBdWm4N53j49BHxJ8JnbG","https://i.scdn.co/image/ab6761610000e5eb1fcc6ef1e20d014a1d2a2397"
"162","정승환",,,,"7l8rOFwZFQ3G0sgZ7gjGng","https://i.scdn.co/image/ab6761610000e5eb85a496c66e16a2986095ee4d"
"163","2Z","투지",,,"2L2BHp61HkXYMV4SSSQWnQ","https://i.scdn.co/image/ab6761610000e5eb2f3fee444b8f9c298ed63877"
"164","Catch The Young","캐치더영",,,"422jw2by1jl14vn1FP9EGA","https://i.scdn.co/image/ab6761610000e5ebfe8aabe13cba0da1829f86ee"
"165","분리수거밴드","BLSG",,,"1a4wvAslylMTa4fafqPJFi","https://i.scdn.co/image/ab6761610000e5eb1e191c7ce6be25b5b15906a6"
"166","말든","Marldn",,,"4hAvEs59cGXMTT6htvakod","https://i.scdn.co/image/ab6761610000e5eb0cfe34b619ec92f458c4f65a"
"167","아톰뮤직하트","Atom Music Heart",,,"3KiKht0O9SphjTP2bUc7N6","https://i.scdn.co/image/ab6761610000e5eb6433b2bb56038abe4bde5954"
"168","스프링스",,,,"0hOtlqBz1dPXaEZuhvZ2UR","https://i.scdn.co/image/ab6761610000e5ebcd8791bcd9aa16e2d617c300"
"169","벤치위레오","BenchWeLeo",,,"04Gh0VVef3YDxaV2r5Mxbw","https://i.scdn.co/image/ab6761610000e5eb72e2b7fdbcfdb89fd2a923d7"
"170","워킹애프터유","Walking After U",,,"3gXiaGFO8lQFTpF8rKcnJe","https://i.scdn.co/image/ab67616d0000b27379c0781247ba095210091eb3"
"171","김필","Kim Feel",,,"4EPYWwU4c8eG2GzD7MenUA","https://i.scdn.co/image/ab6761610000e5eb01325f6de3bfd3c2a513fb70"
"172","파츠","PATZ",,,"3YvKM19rmQQMGqUHbW4a1J","https://i.scdn.co/image/ab6761610000e5ebcbaf256db7258717134b33ef"
"173","노브레인","Nobrain",,,"6keuCA49b9am8lisSodCh7","https://i.scdn.co/image/ab6761610000e5eb56eebc8f1711be440c42d86c"
"174","JUNNY","주니",,,"0lgENJQUkqkDbpsTYEayOr","https://i.scdn.co/image/ab6761610000e5eb7258259d4cbbb46948191d9a"
"175","로맨틱펀치","Romantic Punch",,,"5AwL954EM1Rkus1lsy8JmU","https://i.scdn.co/image/ab6761610000e5eb705f9c9fe35593d31ac5838f"
"176","KIRARA","키라라",,,"6Q4tDWdAQdRjV4pAuqiHQW","https://i.scdn.co/image/ab6761610000e5eb1ef1c201ed7df228deb4b086"
"177","이무진",,,,"4Xj0peBt3EZHbdF20JmdWC","https://i.scdn.co/image/ab6761610000e5ebc5607fb8bdd9008b222ce94a"
"178","마이큐","MY-Q","MYQ",,"1jM93JdHroRBk6cE2o3Nws","https://i.scdn.co/image/ab6761610000e5eb95d2dfa8c9e3ad2bea36d048"
"179","이지형","E Z Hyoung",,"멜론 기준 최신곡: Run Baby Run","4vMoealzfru4Q1WOmi0aVs","https://i.scdn.co/image/ab67616d0000b273e6283476a03e3da3b754d908"
"180","태버","Tabber",,,"4CYjITN8Au3K5CWFeex7fU","https://i.scdn.co/image/ab6761610000e5ebbbfb9b198ae9a01886076abc"
"181","W24","더블유투웬티포",,,"2SJQjeKXsMqPziotLsmEit","https://i.scdn.co/image/ab6761610000e5eb93d4651b9f1b88860e6a2aa0"
"182","헤이맨","HeyMen",,,"6CIxoER4KddNrnocyShRhS","https://i.scdn.co/image/ab6761610000e5eb15a2215a49c30ecb89782308"
"183","더 픽스","THE FIX",,,"3C9Tg0ENJ77szoSXlkSpZ3","https://i.scdn.co/image/ab6761610000e5eba5d52f2b42255ed1386b4cc0"
"184","Milena","밀레나",,,"2ODok2cPMF1Z1gZetfaL6n","https://i.scdn.co/image/ab6761610000e5eb15f53555a6edb6646d1fba14"
"185","임금비",,,,"1NwyafFmvijU7E9b1PjgQm","https://i.scdn.co/image/ab6761610000e5eb16e901a6b8d3d757d1dd8f36"
"186","Tuesday Beach Club","튜스데이 비치 클럽",,,"3kbrbhnjLCObXwmOsqadXT","https://i.scdn.co/image/ab6761610000e5eb5025ffe141de250f388db2f9"
"187","에이프릴 세컨드","april 2nd","april second",,"6p2HEgiJp6Dr0DI9p5n7nr","https://i.scdn.co/image/ab6761610000e5eb57b36749074e618531303bff"
"188","신유미",,,,"4h4EHI7XsI5L2kTIPqUXPn","https://i.scdn.co/image/ab6761610000e5ebe3fbcc19770fcba1cc1b1e52"
"189","유발이","U.BAR.E","UBARE",,"547Oa355hQl5ynq8QFfmb8","https://i.scdn.co/image/ab67616d0000b273407219529829c578ea2c4014"
"190","크랙샷","Crackshot",,,"4OIvtiUAaPgUT1ZzmVc5yb","https://i.scdn.co/image/ab6761610000e5ebabfc943e499b726c6006d21e"
"191","Monday off with Bluesy","블루지","먼데이 오프 위드 블루지",,"0OwLX5KcmGFbIZPORrK6xB","https://i.scdn.co/image/ab6761610000e5ebffb100ccc122f3f93a4e7f6f"
"192","줄리아드림","JuliaDream",,,"0E0gRy6soePclRv0N5Nemq","https://i.scdn.co/image/ab67616d0000b2735107052ee93011bce9aa3d38"
"193","HarryBigButton","해리빅버튼",,,"0ePqNOsEhh6mPuKWLhggld","https://i.scdn.co/image/ab6761610000e5eb9d15fd23f41fc675cdeb61c5"
"194","sema","세마",,,"1GLnyPuL45vOsZPs5iANcC","https://i.scdn.co/image/ab6761610000e5eb095cd28a75343e3e59c19a9a"
"195","데드챈트","DEAD CHANT",,,"6NK3faQz8leXRG0K6BkdlV","https://i.scdn.co/image/ab6761610000e5ebd3ef8668fea125730e16ecfe"
"196","뮤즈그레인","MuzGrain",,,"6qBfezVJ1kyCWBzfMWQqLI","https://i.scdn.co/image/ab67616d0000b273e42e1dd19ae96faaa63cca42"
"197","안녕바다",,,,"6riFTYc983NGqLzQBW3UZK","https://i.scdn.co/image/ab6761610000e5eb3bd9943787b379f22a53e362"
"198","양파",,,,"05Tt2bRgkP3yY2TnpRMvpS","https://i.scdn.co/image/ab6761610000e5eb7dcc85d5d3089849091fc0b4"
"199","조은세",,,,"3uUEE8V8efV6AAD3F5oZtj","https://i.scdn.co/image/ab6761610000e5eb601db2ab8cce73ef07e78dd6"
"200","Bye Bye Badman","바이바이배드맨",,,"14stFRB2PwF6QdKNHDdMnh","https://i.scdn.co/image/ab67616d0000b273365c0985c64d979062737857"
"201","siso","시소",,,"7gOrmPLQui1ifo6sevPIry","https://i.scdn.co/image/ab67616d0000b2731f1333f2baeadb12b599d45d"
"202","크르르","Krr",,,"2wCEpu2tMAildqH0BrJNT7","https://i.scdn.co/image/ab6761610000e5ebda11746cfe726e8a0067cf9f"
"203","윤딴딴","Yun DDanDDan",,,"0fnx3yyvXH5E0UATpygzzt","https://i.scdn.co/image/ab6761610000e5ebb8136358d9811269ab9477f5"
"204","새봄","saevom",,,"4GAVUIrGNz35VbCFfHTsca","https://i.scdn.co/image/ab67616d0000b273c85baf92da193ae0fb0b5f81"
"205","안다영",,,,"3YaTzrZaXXljeI8vpvzyBX","https://i.scdn.co/image/ab6761610000e5eb29fe6bb6fa062096298b5375"
"206","해서웨이","hathaw9y",,,"2G2Jiy00NjBxfbex9wXkeN","https://i.scdn.co/image/ab6761610000e5eb3018de3a9c10a51a4876cf3a"
"207","TRPP","티알피피",,,"1aBpZ0N9BHa5pVM8oKhT0D","https://i.scdn.co/image/ab6761610000e5eb82d92bb0058eafba83c8f9d6"
"208","국카스텐","Guckkasten",,,"71kRpwy6xTeG2OXXkRJdkA","https://i.scdn.co/image/ab67616d0000b2733de7657ca66af7c4a75f6cc5"
"209","구남과여라이딩스텔라",,,,"3DUz5LZtuWvUFgyRsgZNR7","https://i.scdn.co/image/ab6761610000e5ebcf1ef82de88f7c0bce441d24"
"210","구원찬",,,,"6ClAFFqc8VEOKSGTrvy8V5","https://i.scdn.co/image/ab6761610000e5eb6c25cd84bf1df062fa1d38d2"
"211","소각소각",,,,"4ErSSLqJ6lBxlgzBrkjubZ","https://i.scdn.co/image/ab6761610000e5eb585eb49eb474e6e7a6509081"
"212","경서","KyoungSeo",,,"4rxWm4OrS8IRQ3YxDUwnJA","https://i.scdn.co/image/ab6761610000e5eb9173f8a317637314feecba1e"
"213","사공","Sagong",,,"4I13kBfOo5vI4LT8oNE0Fy","https://i.scdn.co/image/ab6761610000e5eb6e0c74501424d3b6191631e4"
"214","디어클라우드","Dear Cloud",,,"0L4i6fMD8blByZNL0kLhiA","https://i.scdn.co/image/ab6761610000e5eb8e1647f1fde56a282b713c45"
"215","92914","구이구일사",,,"0Zoe6ljAJo85rggnN6OaOF","https://i.scdn.co/image/ab6761610000e5eb423f06b19595e36618aef171"
"216","호피폴라","Hoppipolla",,,"1S80vOcrnT9UD9zgLeyfx2","https://i.scdn.co/image/ab67616d0000b2733a42f8f029608927d675dc1c"
"217","랄라스윗","lalasweet",,,"5i8AqrrtbwtPqzkavePQy1","https://i.scdn.co/image/ab67616d0000b273e3301cc3371c819155167771"
"218","SOLE","쏠",,,"6naXFodImN2DwRmKCQHAUt","https://i.scdn.co/image/ab6761610000e5eb7b36c5e3bdd9083b3cdeb961"
"219","참솜","Chamsom",,,"5xNWQgdUZS4YN7xAYItpKi","https://i.scdn.co/image/ab67616d0000b273ee243fb4ec29c1c4b428e819"
"220","파라솔",,,,"6YTSSEvQoYsxYwkWLp6JQN","https://i.scdn.co/image/ab67616d0000b273649ff617b3f14123007ec91c"
"221","모임 별","Byul.org","Byulorg",,"51mq386PWBqyWooRdxxlxP","https://i.scdn.co/image/6ceb9663ed5693c1c3a2ed3ca0081d603295b0c7"
"222","Colde","콜드",,,"3VQDqjQ4wJyw8PzpGdlZpB","https://i.scdn.co/image/ab6761610000e5eb0d70006fb7127e182921ecd7"
"223","차세대","CHASEDAE",,,"4MGqEzKNHeMDgR6iQLYie8","https://i.scdn.co/image/ab6761610000e5ebb765c029e2f673ab56d561cb"
"224","김필선",,,,"5jOztsbYMrFcbPauBMX6ih","https://i.scdn.co/image/ab6761610000e5eb9e791f5fce7edad3f7b193b9"
"225","김여명",,,,"75Smk0h9bJWZsODXdTKMvP","https://i.scdn.co/image/ab6761610000e5eb7c3aafe87526710a4848b535"
"226","시황",,,,"1MOGRLkJlzB98j7Ud8NdMO","https://i.scdn.co/image/ab6761610000e5eb2a44e84836c5e1b4ed0726da"
"227","주시크","Joosiq",,,"66pTbLwtaCUvT64JA8zXZh","https://i.scdn.co/image/ab6761610000e5eb77a0e903c4b5649a174fb301"
"228","공중도둑",,,,"0zGRuj0aQ3mM6i2dQoO8h0","https://i.scdn.co/image/ab67616d0000b273978da07b260f80bcc4ba02a4"
"229","웨스턴 카잇","Western Kite",,,"3Ut5D9lZhPzIdAnInEltxw","https://i.scdn.co/image/ab6761610000e5eb639216ed4cc2130f00b6be4b"
"230","sogumm","소금",,,"50x9jHrP6wy9fo3jK5pNqS","https://i.scdn.co/image/ab6761610000e5eb3972c5f9470e8fdbe96bf6ae"
"231","에피톤 프로젝트","Epitone Project",,,"0RLe3YEakXpt0FEXyFtwgN","https://i.scdn.co/image/ab6761610000e5eb27a1f833e8548d830a473659"
"232","achime","아침",,,"0P46K9b8zee5pzQhZoZLYI","https://i.scdn.co/image/ab67616d0000b2737adce1e5c952899fac710947"
"233","음율","UmYull",,,"1tzfeTq8ILjds06XDsB7S8","https://i.scdn.co/image/ab6761610000e5eb690ce7287ec3f352f3f249fd"
"234","dori","도리",,,"4Db1gte7TUAeZyRdo4FLE7","https://i.scdn.co/image/ab6761610000e5eb39d5a1c91cf211b6d9a9e80d"
"235","중식이",,,,"65YBBPdR47xfH0Nc0Lc5tF","https://i.scdn.co/image/ab67616d0000b273068c97bbc5162d816fb0181e"
"236","박문치",,,,"1LIw1nom0dT1E99JFLINqh","https://i.scdn.co/image/ab6761610000e5eb016cdebfe3c5cfbf2711cedc"
"237","뎁트","Dept",,,"48JtfAggQQpfUXQNxkGm5U","https://i.scdn.co/image/ab6761610000e5eb58947c30d02180c5ec5c7389"
"238","스무살","20 Years of Age",,,"0KaZcu3pEVHfYOnB62eLFp","https://i.scdn.co/image/ab6761610000e5ebc1e697c9947303f1ad5d42b5"
"239","오존","O3ohn",,,"3ZPELd2uCgchQqhLgvrDrI","https://i.scdn.co/image/ab6761610000e5eb8ddbcf6917bd2b4170711b71"
"240","Balming Tiger","바밍 타이거",,,"6vbKIm1WsvhMMDpthYONc1","https://i.scdn.co/image/ab6761610000e5eb48893e61301c1541b6e7b13c"
"241","HeMeets","히미츠",,,"58WZqBpDzT98SrNhy01TPD","https://i.scdn.co/image/ab67616d0000b27374e564037cbeb9999b426916"
"242","마크튭","MAKTUB",,,"0frNU3rG4ltOP4GNBA1g4j","https://i.scdn.co/image/ab67616d0000b273a34313b09d793a86351505b8"
"243","이설아",,,,"2mBJXhOnDZnZFxvoaGsZlJ","https://i.scdn.co/image/ab6761610000e5ebf1acb02539a344b786eb2b6a"
"244","줄리아 하트","Julia Hart",,,"1d9eAc8jKR1K1LTDNO44AH","https://i.scdn.co/image/ab67616d0000b273da368f8fca91da222cbc20bc"
"245","BIG Naughty","빅나티",,,"7cEaNXXTHx3LokbjUUyHal","https://i.scdn.co/image/ab6761610000e5ebb5e6ccf2085aca8d94bc698a"
"246","블루파프리카","Bluepaprika",,,"5UsQ1MY9PhBPfYkbb1cC0z","https://i.scdn.co/image/ab6761610000e5eb725b447a22e9798c5f3b874d"
"247","권나무",,,,"3V8Zj1lAUFlBpra9DvMwMK","https://i.scdn.co/image/ab67616d0000b2736ac69cd6073aa53994ee7521"
"248","Seori","서리",,,"2bWTIIQP9zaVc55RaMGu7e","https://i.scdn.co/image/ab6761610000e5eb639dc73ec795e329d064dbb2"
"249","구름","Cloud",,,"3Ix2vKtdUBv1CKn3MqvZIs","https://i.scdn.co/image/ab6761610000e5eb715dcd13b95910fcd5fcf9ef"
"250","커피소년",,,,"5F0ZKImhec2HLnFQzsl1CM","https://i.scdn.co/image/ab67616d0000b27328bf0a2c855048128ec1ca01"
"251","로코베리","Rocoberry",,,"0Mt9IxntWHsf793bLZhQ9P","https://i.scdn.co/image/ab67616d0000b273950315fae24bc4a927865349"
"252","blah","블라",,,"0agqtoeQB2zKMFX1kgt5Hg","https://i.scdn.co/image/ab6761610000e5ebd55c8713ee1919f19ceec8e1"
"253","강아솔",,,,"16QTzUy1Yj7XeJv2jGMo79","https://i.scdn.co/image/ab6761610000e5eba637e35ad4c3c22d2c2660b4"
"254","주예인",,,,"3aSFvFghagKF9tdjluIkAT","https://i.scdn.co/image/ab6761610000e5eb3399edb412a6af8e09c46665"
"255","계피",,,,"40srVsLHyjrgnQp2RmfhJn","https://i.scdn.co/image/ab67616d0000b2738044e44bbe0f9018dd6fdffb"
"256","초승","CHOSNG",,,"21Ohc3UObsDhgnvfonXb6W","https://i.scdn.co/image/ab6761610000e5ebb83f622b494c6038e5f89769"
"257","정아로","ARO",,,"6ECu2vO8wvgX5pDjYqHEuC","https://i.scdn.co/image/ab6761610000e5eb6db07ae5aef7e31faecae23a"
"258","WH3N","웬",,,"4MSCkKz4xskCrvx49wOneF","https://i.scdn.co/image/ab6761610000e5eb67de0ac5fd84a41be91a5f72"
"259","오반","OVAN",,,"4FuRHFtCeoYaeeVDKyyvbS","https://i.scdn.co/image/ab6761610000e5eb9f7123c785c286f21ea3104d"
"260","크리스탈 티","Crystal tea",,,"3tLTzUmenYSz1FS9ijEUuX","https://i.scdn.co/image/ab6761610000e5eb3db8986cbcb702333bb7d963"
"261","마치","MRCH",,,"4S0q5n7ZzNzeiW0dAUnYHl","https://i.scdn.co/image/ab6761610000e5ebc063f0cc0ec88264621ab6fa"
"262","SUMIN","수민",,,"0K4MGKGmjtdIE0W3GkGmyU","https://i.scdn.co/image/ab6761610000e5eb4b924be9b846ac20bfecc676"
"263","이아람",,,,"3j0Q7sspsBVQm6SdlkqYp1","https://i.scdn.co/image/ab6761610000e5eb37696304b7573a62ba827c3e"
"264","그리즐리","Grizzly",,,"5Egus6b1x9pYOnqsG7y1f4","https://i.scdn.co/image/ab6761610000e5eb335817bdfeaa43e4e8238a86"
"265","제이레빗","J Rabbit",,,"4Imsd61cGosmAFBaMLtl4G","https://i.scdn.co/image/ab6761610000e5ebdc0fa6bef197484e11fac825"
"266","럼블피쉬","Rumble Fish",,,"1NyreDKOPoI1XxOv7xnyn2","https://i.scdn.co/image/ab67616d0000b273d0a4cb955ce7a31711968bc5"
"267","김아름",,,,"797zr1JFQLxAHNQEl9HKlp","https://i.scdn.co/image/ab67616d0000b27355400af9d4d82636ddb1f512"
"268","까데호","CADEJO",,,"296ryPygSSpdsrZJk2x5Up","https://i.scdn.co/image/ab6761610000e5ebeac7cefcacc52083383f9951"
"269","우예린",,,,"4fwMfZcOMGXSgZvw5F28UL","https://i.scdn.co/image/ab6761610000e5eb7f2ff44bdcc3c22f65230b73"
"270","디에이드","The Ade",,,"60ftnqC2sZGUXDqElMPvTy","https://i.scdn.co/image/ab67616d0000b273e24f2e2360cf6c92cc7df460"
"271","끝없는잔향속에서우리는",,,,"1J4mprhMd3Zi36m09A2MwE","https://i.scdn.co/image/ab6761610000e5ebea00bda11138d96cec0b8683"
"272","서교동의 밤",,,,"6vrBuDdSYNTK6CwCVflTnx","https://i.scdn.co/image/ab67616d0000b2738c97543963d7add8f00c22ea"
"273","406호 프로젝트","406 Project",,,"3bXpLpVdhS8IBPYk5mNg6n","https://i.scdn.co/image/ab67616d0000b273da2061d3ab245f88aa3317d8"
"274","슈가볼","Sugarbowl",,,"0SzEYg3WelMs62HakSDhPH","https://i.scdn.co/image/ab67616d0000b2732c5ed98be307342888c3c4ec"
"275","김심야",,,,"2tB3jPHyyfcxvvor2flc1Q","https://i.scdn.co/image/ab6761610000e5eb39e4fe6af76f3698b01972d2"
"276","이한울",,,,"72rNrCObB3Jo73R6Wo9xTm","https://i.scdn.co/image/ab67616d0000b273b44b6a101e73eb201be56b49"
"277","Whiteusedsocks","화이트 유즈드 삭스",,,"6DOPRiywZshVyewhu0XTbY","https://i.scdn.co/image/ab6761610000e5ebcb0aada5da2e0e67b8b04466"
"278","OoOo","오넷",,,"3g1lnUW8xnEPCO60kORskb","https://i.scdn.co/image/ab6761610000e5eb2aa2f92a0b4c5d003254889c"
"279","달의하루","Dareharu",,,"6qAno6xjJxkwEdWMNFCUap","https://i.scdn.co/image/ab67616d0000b273a8993f035671366427fd8e50"
"280","못","Mot",,,"1tpzH7XBT9sUJx4CMB4hCp","https://i.scdn.co/image/ab67616d0000b273b9a4e6c4f7529a60d0de4985"
"281","offonoff","오프온오프",,,"0dTj3SqwE8kPnCzyzvYzhT","https://i.scdn.co/image/ab67616d0000b273d8ab8d3ddd6b3f1dff0ffb88"
"282","정우물",,,,"2UBgP3zLVbeYiHs8b5aLDb","https://i.scdn.co/image/ab6761610000e5eb2169dc6cc55e19711e0fac54"
"283","Miiro","미로",,,"4CadaJC2t5tnQg06HlXVnP","https://i.scdn.co/image/ab6761610000e5eb14c42274f1d22349a831bf12"
"284","시와","Siwa",,,"65h2inEcodauMEbyfodXdM","https://i.scdn.co/image/ab6761610000e5eb060af9e48d5aa481bc88dc69"
"285","생각의 여름","Summer of Thoughts",,,"0NZEV1Co2x9sXjH5DGhSQv","https://i.scdn.co/image/ab6761610000e5ebe1b5c791808bece50f449c5d"
"286","DANIEL","다니엘",,,"1eZ0sjIrNuSNiZSfjTYgi6","https://i.scdn.co/image/ab6761610000e5ebc1f0e567028be128bdee4c3a"
"287","오열","OYEOL",,,"7qhXhpFaPjoBhqebBazlaR","https://i.scdn.co/image/ab6761610000e5eb29add383de890cc4fcc8ac17"
"288","레인보우 노트","Rainbow note",,,"5qgNxAqFqHpGVqZQHvrm17","https://i.scdn.co/image/ab6761610000e5eb85537440a4e133a5946c9091"
"289","요조",,,,"2Y6RMrspOMXAYSD4U57qS7","https://i.scdn.co/image/ab6761610000e5eb5419cd6b1d5a6f250a0299cb"
"290","109","일공구",,,"1M2Yug6EvJTlraF6ewM9Oh","https://i.scdn.co/image/ab6761610000e5ebf66a945ba77221bb0922b875"
"291","Land of Peace","랜드 오브 피스",,,"5k0xHB7GIhrTwAAK9wWtfg","https://i.scdn.co/image/ab67616d0000b27388777aef3d8144e5e97e618b"
"292","훈스","HOONS",,,"3X2dokSZmyl37QiosBQ6cR","https://i.scdn.co/image/ab67616d0000b273831332488fade75a7de6e908"
"293","재만","JAEMAN",,,"0rDXlxrKhbgdatdiiSFgf7","https://i.scdn.co/image/ab6761610000e5eb2d00fd7283567a8a07da91bd"
"294","JAEHA","재하",,,"4CF0QZtzsHDYdTHqipMGdh","https://i.scdn.co/image/ab6761610000e5ebf102999ba6bf343cc61cb1b1"
"295","DOKO","도코",,,"7y5E5llLKviR9WIXK5lrag","https://i.scdn.co/image/ab6761610000e5eb1ee15423f5816c478fceac0d"
"296","PATEKO","파테코",,,"0J372uvAXbRjLFSoAVE2lp","https://i.scdn.co/image/ab6761610000e5eb5f24b3c8fd7e66d0433803cd"
"297","김효은",,,,"59KuGY6nfY3w39O0qYVA7p","https://i.scdn.co/image/ab6761610000e5eb71fc1e32b2b45510851af150"
"298","어쿠스틱 콜라보","Acoustic Collabo",,,"0rMd7FdvwwxKrFEsQ1hC7G","https://i.scdn.co/image/ab67616d0000b273b2ec2d066c8b7bcf4198b828"
"299","최낙타",,,,"2c4q6Dkm6fPxNPYD22R3yr","https://i.scdn.co/image/ab6761610000e5ebb106bfaab7f18f34ccd074e8"
"300","Galaxy Express","갤럭시 익스프레스",,,"3HbmUr6CJxkk0YGkxeNpMp","https://i.scdn.co/image/ab6761610000e5eb64ea1d737bb1725357945a1e"
"301","김아일","Qim Isle",,,"3pDs57Od1KfGb0RmmWhGtK","https://i.scdn.co/image/ab6761610000e5eb1ee82e1205c06b4a4ae55cc9"
"302","서울문","Seoulmoon",,,"0xsCXMIcnrXhRiNL11HlxP","https://i.scdn.co/image/ab67616d0000b273f3309aec13ee07e3a3c9acb6"
"303","루시드폴","Lucid Fall",,,"4uKVLCvDKjjNM58cXtKitT","https://i.scdn.co/image/ab6761610000e5ebc3065665fb29d0b6de43fc10"
"304","Ashmute","애쉬뮤트",,,"7EYwKfQY1bAfLr2EUPOL0h","https://i.scdn.co/image/ab6761610000e5eb769024d515d70525e9f5b209"
"305","소울라이츠","SOULIGHTS",,,"35ducZNsJuhyWmHnhHAADz","https://i.scdn.co/image/ab67616d0000b27391b976b6fbf177688aa41f95"
"306","주윤하",,,,"2G6zefY3cizYXTcpWNtNMP","https://i.scdn.co/image/ab6761610000e5eb3486475c599b932f4d7c661e"
"307","어반자카파","URBAN ZAKAPA",,,"1dOMFM5wDNsENQQW0nl0K8","https://i.scdn.co/image/ab6761610000e5eb34cd8e05d7881e44f6e86d67"
"308","CIFIKA","씨피카",,,"0OK6Xs5X1kHs07y68n65CQ","https://i.scdn.co/image/ab6761610000e5eb95df10f24e16439dddd8d907"
"309","양반들","Yangbans",,,"2YnwThp48Nrhtf7JIBCpbu","https://i.scdn.co/image/ab6761610000e5eb7e2ae6c1b4afd9602c001f8d"
"310","Low Hanging Fruits","로우 행잉 프루츠",,,"7KfFnqnCwvQ8NXL2a8avAu","https://i.scdn.co/image/ab6761610000e5eb86f4c8f20a9a7f7ffff9504b"
"311","4BOUT","어바웃",,,"1gHzFOHKBOOz6HAdLX8QeM","https://i.scdn.co/image/ab6761610000e5eb13e197f8bf2ccbad6f26815b"
"312","Hoody","후디",,,"7lXgbtBDcCRbfc5f8FhGUL","https://i.scdn.co/image/ab6761610000e5eb9d323d36c0b99f60579b9da3"
"313","재규어 중사","SFC.JGR","SFCJGR",,"6Ia8wkjjUXRx9jqFsVJqHQ","https://i.scdn.co/image/ab6761610000e5eb479bef8985531d7b1196dbae"
"314","이채언루트","Echae en Route",,,"5vRm4pKwsx8bik9JPejX36","https://i.scdn.co/image/ab6761610000e5ebae5ab96a15b9b10e5ea267da"
"315","와인루프","Wine Loop",,,"4z2d0OklqGzcncmNereISj","https://i.scdn.co/image/ab6761610000e5eb2b486d363f5a949aa94336d5"
"316","박원",,,,"1XujSdsxykPhP3dn6HaT4l","https://i.scdn.co/image/ab6761610000e5eb08d53877174fa2d3abb05737"
"317","바버렛츠","The Barberettes",,,"6dZBjKEpZkglz4Xq5ni0eZ","https://i.scdn.co/image/ab6761610000e5eb29a89e17d3770804f7ecaa57"
"318","롤링쿼츠","Rolling Quartz",,,"5mVYT7sPm3xsNMrA8YWONe","https://i.scdn.co/image/ab6761610000e5ebfe938653372a6cf9d910c679"
"319","문수진","Moon Sujin",,,"36MQil20hjOpG5f52NQ4du","https://i.scdn.co/image/ab6761610000e5ebee61e8d316244a948f28d46d"
"320","클래지콰이",,,,"0akZcna6MlOPRo0reVTaPr","https://i.scdn.co/image/ab67616d0000b273b5d81d9cbfd7d88b274daf33"
"321","THAMA","따마",,,"1Ktiv08TbBy195pQUH8Qld","https://i.scdn.co/image/ab6761610000e5ebd9d041780ae3817ec414e7ce"
"322","윤새","Yunsae",,,"7DLucR65sSvihkpKZcdymt","https://i.scdn.co/image/ab6761610000e5eba786cdfd53c8249527074082"
"323","Austn","오스틴",,,"4R65InJeiLYNmwZdyyBY8i","https://i.scdn.co/image/ab6761610000e5eb7729ad42dff7d0bd00d6322a"
"324","탑현",,,,"4g7R2X5sUsylJwYxnfwCJR","https://i.scdn.co/image/ab67616d0000b273bd46b738624ab0d210eea37d"
"325","임세모","IMSEMO",,,"4I38WV2SqvVM1CMWnkQDbV","https://i.scdn.co/image/ab6761610000e5eb534c2a1cd8320814ed1a5d30"
"326","아이디","Eyedi",,,"48BSHaU3lXnM3pYHyeqLXN","https://i.scdn.co/image/ab67616d0000b2736eac44eb589f356239fae59e"
"327","Odd95","오드구오",,,"107BJB3FuWpbFLRaVsAMyB","https://i.scdn.co/image/ab6761610000e5eb2252ea8e95799808146570cd"
"328","차우","Chawoo",,,"4IQIYg9spHoy4FgnnManxR","https://i.scdn.co/image/ab6761610000e5ebf095ef9a7365763b8ca3956e"
"329","김승민",,,,"31VffPWiL2AAwNIMODB9qZ","https://i.scdn.co/image/ab6761610000e5ebd0ac399ad60bc9ed40f22fec"
"330","Fisherman","피셔맨",,,"3VBZBLX807XsYkBcZqEGn4","https://i.scdn.co/image/ab6761610000e5ebca0eaf6bc36cfa08e09c7619"
"331","서울 전자 음악단",,,,"78jMRKRMo6ZpT2RnOlJroL","https://i.scdn.co/image/ab67616d0000b2734d82873907edc63fd8998543"
"332","양다일",,,,"5DnjOSzLCfn4hDbLECq8pt","https://i.scdn.co/image/ab6761610000e5eb91ff80a3e80708537f648532"
"333","BehindtheMoon","비하인드더문",,,"4BHjuxRl1cKElPbo12BODO","https://i.scdn.co/image/ab6761610000e5ebb34bf05cc706d3566bbd513b"
"334","브라운티거","Brown Tigger",,,"61IaAjWyHrAO5ZJdjp1YEH","https://i.scdn.co/image/ab67616d0000b2738417a099f4e38b91663eac53"
"335","재주소년",,,,"6Z41VjRzi0cKNZAVp5u7VZ","https://i.scdn.co/image/ab67616d0000b2735340ab0a9aa52764339800db"
"336","최성",,,,"762fgqQ2gz5w7q1VkDOmja","https://i.scdn.co/image/ab6761610000e5eb8b8f8e52fc4bda339b83798b"
"337","kumira","쿠미라",,,"1Ntydb0DmiKZ4gs185CpoK","https://i.scdn.co/image/ab6761610000e5ebdbe10351ccb92c99db8c0566"
"338","핫펠트","HA:TFELT","HATFELT",,"3Mrp5B6JdfoiObgY0WR8lF","https://i.scdn.co/image/ab6761610000e5ebf98a6baa56e14767835fd25f"
"339","MEENOI","미노이",,,"5KuvNz7npsGeDJdk8QHMVH","https://i.scdn.co/image/ab6761610000e5ebc83edebc879356ae1da097fd"
"340","임한별",,,,"6EmgTIhhXGtfAmYYTfdtlz","https://i.scdn.co/image/ab6761610000e5eb18f53034a71f23a550f0d39a"
"341","OuiOui","위위",,,"11BHuhJ2jEMPNJ3WpwZVT8","https://i.scdn.co/image/ab6761610000e5eb51d945a9c0408efd705740be"
"342","dana kim","다나 킴",,,"2G1ujrepZXYkEdlc7HYP4m","https://i.scdn.co/image/ab6761610000e5eb28977e2479d0d76ec55e9e92"
"343","노리플라이","no reply",,,"0vDKj2G8ADlhR5aM7BfeUL","https://i.scdn.co/image/ab6761610000e5ebd3f1444dd6542ea2ff0626f5"
"344","Ecobridge","에코브릿지",,,"4ozyMZxydr2BsVslZEjkOB","https://i.scdn.co/image/ab6761610000e5eb90beb28561fde33fa602ac8b"
"345","이정권",,,,"2NdXW202j10do6ammYu4N1","https://i.scdn.co/image/ab6761610000e5eb291a6260734f0893cc46536b"
"346","LEON","딥상어",,,"5uq0Z8ElRQOlg2Yavs3lVd","https://i.scdn.co/image/ab67616d0000b2733ddc860017da32dc387b41b6"
"347","다비","DAVII",,,"4z6yrDz5GfKXkeQZjOaZdq","https://i.scdn.co/image/ab6761610000e5eb20f226055d57726df0796a73"
"348","프리든","FR:EDEN","FREDEN",,"6psIuXSnGPGKY93Wcj1qeW","https://i.scdn.co/image/ab6761610000e5ebd99b26866020468ce6cfe185"
"349","eldon","엘던",,,"04GW9HXt9A5aPSNIVBf6m4","https://i.scdn.co/image/ab6761610000e5ebdcce52b26f725594b9a9cd8d"
"350","Sondia","손디아",,,"18VQ59noY7aOj59UNMozHp","https://i.scdn.co/image/ab67616d0000b2730e4375dc3286b1161ad252f2"
"351","송하예",,,,"4Kw6Puq72YDjXvVBrBkdw3","https://i.scdn.co/image/ab67616d0000b2738c009ee92833d6daf56c3cd5"
"352","담소네공방",,,,"0ZxWEeuYM0zZvgPHjYiSAc","https://i.scdn.co/image/ab67616d0000b273aa158f69643225a7dddcf597"
"353","림킴","김예림","Lim Kim",,"4kGuk6HkL6hwuQrgSWISBv","https://i.scdn.co/image/ab6761610000e5ebbceac7e05d90267e86488a64"
"354","로시","Rothy",,,"0jUn8CXobOt0IixyR72una","https://i.scdn.co/image/ab6761610000e5ebdf3a5d53cb05ff031efe7abb"
"355","YOUHA","유하",,,"2lZFlNiQMLa2fuX3pkXcan","https://i.scdn.co/image/ab6761610000e5eb258c6319f7a39c6e0a0f39de"
"356","크루셜스타","CRUCiAL STAR",,,"4vdAgNz4vrUZVvS0CaVvGJ","https://i.scdn.co/image/ab6761610000e5eb18303207f4bbe96c0db84741"
"357","릴러말즈","Leellamarz",,,"79g2STpP2iV1xfgHuhrhX0","https://i.scdn.co/image/ab6761610000e5eb4eaf216b35e7c5ac20f91c4d"
"358","최첼로","Choi Cello",,,"5H5lROVPo6zqJacYlluJD5","https://i.scdn.co/image/ab6761610000e5eb6e09ca213358ffcf2caf4afb"
"359","모트","Motte",,,"4bh77HBBwCekmEPcbXAljy","https://i.scdn.co/image/ab6761610000e5eb28a55f029c59625be93225af"
"360","PPCX","피터팬컴플렉스","peterpan complex",,"0MA2Mf1z6lPjvV4fvBp2PB","https://i.scdn.co/image/ab6761610000e5ebba21c4de4b6228cbb782ce86"
"361","마인드유","MIND U",,,"4qV3XiR4FiExupNDZ4HeYN","https://i.scdn.co/image/ab6761610000e5eb503367b70083ab9ff14db0ed"
"362","다운","Dvwn",,,"6WWUJGBY4ETAE22tRmgJ8b","https://i.scdn.co/image/ab6761610000e5eb8e50a3077c15ef3975692aff"
"363","이지카이트","Izykite",,,"5U1sDgoWfJGV8dwlvnuxvx","https://i.scdn.co/image/ab6761610000e5ebe3678a64899ea69f6cf5a2d9"
"364","onthedal","온더달",,,"0tsXBeeMipHNUtu5GtUAWV","https://i.scdn.co/image/ab6761610000e5ebbe51e9090975f682f65070ae"
"365","함병선","9z",,,"3DoD8wMylOlNPJZm0Geebu","https://i.scdn.co/image/ab6761610000e5ebe3d48d05ca2abee13dbe8165"
"366","Mokyo","모쿄",,,"1kRGgLBLwdQ16TxyfN1YgP","https://i.scdn.co/image/ab6761610000e5eb50e620f9e2c23ce8cfb0ea15"
"367","nov","노브",,,"0jWCX6zp4RjWrmZRxJ2uri","https://i.scdn.co/image/ab6761610000e5eb62fdd06d35d42070ec4e648e"
"368","우디","Woody",,,"37ZY7eIcTT28id2jfq8WYw","https://i.scdn.co/image/ab67616d0000b2735bbbbb858fd391cc155c7347"
"369","헤르쯔 아날로그","Herz Analog",,,"35qf2lYforklQasGTtc3Uw","https://i.scdn.co/image/ab6761610000e5eb33821b5b0d4d9a547f6b008b"
"370","oceanfromtheblue","오션프롬더블루",,,"76eIrOIqck4yuOhrYZGx3a","https://i.scdn.co/image/ab6761610000e5ebb666cb7a3013fae7c95275b0"
"371","백현진",,,,"57xLdReOSuCdlxeNNnS2Nb","https://i.scdn.co/image/ab6761610000e5eb122d573b9a024bfc1e5bd790"
"372","암호","AMHO",,,"5HletaYAQGurTXlY0WfFHs","https://i.scdn.co/image/ab6761610000e5eb3db5a1290a13a7f6e980a5a8"
"373","3호선 버터플라이",,,,"3kPDtzrCxV5Yhw0uKAF6HI","https://i.scdn.co/image/ab67616d0000b273e4dbd385b08ba2afe33c7aa4"
"374","박새별",,,,"6jlKcIljKeqvW5eREREtAz","https://i.scdn.co/image/ab6761610000e5eb7287bde59f78a5ddf99709f1"
"375","김뮤지엄","KIMMUSEUM",,,"1NVRvV0KqaO7VtSaVQcm3V","https://i.scdn.co/image/ab6761610000e5eb53045160b87c928a5f4e9c2f"
"376","Eian","이안",,,"0IuYz7cj1RlVuOPouG0g8Q","https://i.scdn.co/image/ab6761610000e5eb85d317677315915174c65fe2"
"377","곽진언",,,,"4xQ4GjBomHvTRL1GO624zd","https://i.scdn.co/image/ab6761610000e5eb61843b17d19d562a12cbc1db"
"378","뜨거운 감자","HOT POTATO",,,"4PJYiCyV7PAWHI5fZLpyRo","https://i.scdn.co/image/ab67616d0000b27340c8155542841bc57b60c36a"
"379","홍재목",,,,"5Z95FKaWoJEgpabRoqJvHX","https://i.scdn.co/image/ab6761610000e5eba04341bb381c7f261e8f00d2"
"380","off the menu","오프더메뉴",,,"6g1CbXF83eU2eSvIUU9COb","https://i.scdn.co/image/ab6761610000e5eb429338672abf1e4853d741c3"
"381","레터 플로우","Letter flow",,,"19jNQxmNBaXJlXdvLHtrHY","https://i.scdn.co/image/ab6761610000e5eb06baf9cc006a59ce6b55f4ab"
"382","GUMX","검엑스",,,"4vFO3Z1XVJ3IOX4nQjPW62","https://i.scdn.co/image/ab6761610000e5ebc3b285f1d723cc6d5000e4fa"
"383","푸디토리움","Pudditorium",,,"7uhOcLi85Fj8PlOempXh6z","https://i.scdn.co/image/ab67616d0000b273ef996a88b2088bc7684e9bb2"
"384","IDIOTAPE","이디오테잎",,,"0OmQCkk1rR3DJ0Y2NRxp6Z","https://i.scdn.co/image/ab6761610000e5eb94af74a6b2652f01a728494d"
"385","So!YoON!","황소윤","SoYoON",,"7H5EC2qaylGun66YeRrVHg","https://i.scdn.co/image/ab6761610000e5eb9c5731995a04af6e4cf5d746"
"386","이이언","eAeon",,,"3ZSbXArE6mxOleJnsumK4u","https://i.scdn.co/image/ab6761610000e5ebce74e7e1df453532fefc6487"
"387","Summer Soul","썸머소울",,,"6ZDL9IVLcZPApjoBdajrao","https://i.scdn.co/image/ab6761610000e5eb029b0e3cbe241935c6cc8f7e"
"388","YEGNY","최예근",,,"2bLAgTUhO43UF0DhE7Rrm4","https://i.scdn.co/image/ab6761610000e5eb3a17e7cc3e7113240ff02dd0"
"389","woshi","우시",,,"0yaXJ7iu4X7m7OS8qaOsHq","https://i.scdn.co/image/ab6761610000e5ebdd41779c3f87ac37bb7c1ee3"
"390","웨터","wetter",,,"02qCfZpNgd0FQ1BFOPaqvq","https://i.scdn.co/image/ab67616d0000b273f09a8de729a12fe0d0bc2d29"
"391","문없는집",,,,"0SxSWgWdwhijvB7pMMRdKy","https://i.scdn.co/image/ab6761610000e5ebfe782113a2e97712b375ce13"
"392","우주히피","COSMOSHIPPIE",,,"3uhjq5389G2qUWYNVHNq7a","https://i.scdn.co/image/ab6761610000e5eb57604c62ee79590af31a0dc5"
"393","1415","일사일오",,,"71JjZRW0sCWpF1EuaS9TQA","https://i.scdn.co/image/ab6761610000e5eb0943878a1de6330f18457e9e"
"394","The Rose","더 로즈",,,"5na1LmEmK2VzNLje9snJYW","https://i.scdn.co/image/ab6761610000e5ebd434a8b25f5a50277b05a402"
"395","곽푸른하늘",,,,"2xDB1WCuZG8ZA1oqqsAKgr","https://i.scdn.co/image/ab67616d0000b2735bdd62efd0a715d3b728b2e5"
"396","송희란",,,,"28gcQqqgp3H072b9NRkSOW","https://i.scdn.co/image/ab6761610000e5ebc9c6dc210dcc8b21f941b320"
"397","이스턴 사이드킥","Eastern Sidekick",,,"6c2FEJN0uXimRHt6tnkvcQ","https://i.scdn.co/image/ab67616d0000b273fcfcc0c595e27fa5cbea277f"
